{"cameraMode":{"drawMode":0,"name":"Shaded","section":"Shading Mode"},"sceneLighting":true,"audioPlay":false,"sceneViewState":{"showFog":true,"showMaterialUpdate":false,"showSkybox":true,"showFlares":true,"showImageEffects":true,"showParticleSystems":true},"in2DMode":false,"pivot":{"x":-72.60334014892578,"y":-70.58030700683594,"z":-108.11286926269531},"rotation":{"x":0.41094228625297549,"y":0.575181245803833,"z":-0.41020259261131289,"w":0.5762215852737427},"size":206.00634765625,"orthographic":false}