{"cameraMode":{"drawMode":0,"name":"Shaded","section":"Shading Mode"},"sceneLighting":true,"audioPlay":false,"sceneViewState":{"showFog":true,"showMaterialUpdate":false,"showSkybox":true,"showFlares":true,"showImageEffects":true,"showParticleSystems":true},"in2DMode":false,"pivot":{"x":10.069999694824219,"y":0.0,"z":-12.460000038146973},"rotation":{"x":-0.13144266605377198,"y":0.8610778450965881,"z":-0.28087693452835085,"w":-0.40296071767807009},"size":2.8578836917877199,"orthographic":false}