{"cameraMode":{"drawMode":0,"name":"Shaded","section":"Shading Mode"},"sceneLighting":false,"audioPlay":false,"sceneViewState":{"showFog":true,"showMaterialUpdate":false,"showSkybox":false,"showFlares":true,"showImageEffects":true,"showParticleSystems":true},"in2DMode":false,"pivot":{"x":0.0,"y":0.015864837914705278,"z":-3.725290298461914e-9},"rotation":{"x":0.23003260791301728,"y":0.452263742685318,"z":-0.12195897847414017,"w":0.853035569190979},"size":0.23129548132419587,"orthographic":true}