{"cameraMode":{"drawMode":0,"name":"Shaded","section":"Shading Mode"},"sceneLighting":false,"audioPlay":false,"sceneViewState":{"showFog":true,"showMaterialUpdate":false,"showSkybox":false,"showFlares":true,"showImageEffects":true,"showParticleSystems":true},"in2DMode":false,"pivot":{"x":-0.00054931640625,"y":-0.003173828125,"z":-0.009857177734375},"rotation":{"x":0.321530282497406,"y":0.13571813702583314,"z":-0.0466231107711792,"w":0.9359637498855591},"size":0.14478887617588044,"orthographic":true}