{"cameraMode":{"drawMode":0,"name":"Shaded","section":"Shading Mode"},"sceneLighting":true,"audioPlay":false,"sceneViewState":{"showFog":true,"showMaterialUpdate":false,"showSkybox":true,"showFlares":true,"showImageEffects":true,"showParticleSystems":true},"in2DMode":false,"pivot":{"x":-0.33624267578125,"y":-0.0025634765625,"z":0.181884765625},"rotation":{"x":0.27921250462532046,"y":0.23183196783065797,"z":-0.06966113299131394,"w":0.9292179942131043},"size":0.365714967250824,"orthographic":true}