{"cameraMode":{"drawMode":0,"name":"Shaded","section":"Shading Mode"},"sceneLighting":false,"audioPlay":false,"sceneViewState":{"showFog":true,"showMaterialUpdate":false,"showSkybox":false,"showFlares":true,"showImageEffects":true,"showParticleSystems":true},"in2DMode":false,"pivot":{"x":-0.41269999742507937,"y":0.0,"z":0.29899999499320986},"rotation":{"x":0.29227107763290408,"y":-0.27187448740005495,"z":0.08705825358629227,"w":0.912733256816864},"size":0.07920002192258835,"orthographic":true}