{"cameraMode":{"drawMode":0,"name":"Shaded","section":"Shading Mode"},"sceneLighting":false,"audioPlay":false,"sceneViewState":{"showFog":true,"showMaterialUpdate":false,"showSkybox":false,"showFlares":true,"showImageEffects":true,"showParticleSystems":true},"in2DMode":false,"pivot":{"x":-11.30000114440918,"y":0.0,"z":34.400001525878909},"rotation":{"x":-0.3627626299858093,"y":-0.10008452832698822,"z":0.039222341030836108,"w":-0.9256614446640015},"size":4.041658401489258,"orthographic":true}