{"cameraMode":{"drawMode":0,"name":"Shaded","section":"Shading Mode"},"sceneLighting":true,"audioPlay":false,"sceneViewState":{"showFog":true,"showMaterialUpdate":false,"showSkybox":true,"showFlares":true,"showImageEffects":true,"showParticleSystems":true},"in2DMode":false,"pivot":{"x":-17.591997146606447,"y":2.907358169555664,"z":18.95789337158203},"rotation":{"x":0.1342422217130661,"y":-0.8413513898849487,"z":0.24375715851783753,"w":0.46335160732269289},"size":96.62835693359375,"orthographic":true}