{"cameraMode":{"drawMode":0,"name":"Shaded","section":"Shading Mode"},"sceneLighting":true,"audioPlay":false,"sceneViewState":{"showFog":true,"showMaterialUpdate":false,"showSkybox":true,"showFlares":true,"showImageEffects":true,"showParticleSystems":true},"in2DMode":false,"pivot":{"x":111.653564453125,"y":-303.2257080078125,"z":-7.417300701141357},"rotation":{"x":0.6722453832626343,"y":-0.10958696156740189,"z":0.10160014033317566,"w":0.7250902652740479},"size":17.874177932739259,"orthographic":true}