{"cameraMode":{"drawMode":0,"name":"Shaded","section":"Shading Mode"},"sceneLighting":true,"audioPlay":false,"sceneViewState":{"showFog":true,"showMaterialUpdate":false,"showSkybox":true,"showFlares":true,"showImageEffects":true,"showParticleSystems":true},"in2DMode":false,"pivot":{"x":-0.003176366677507758,"y":-0.018681546673178674,"z":-0.03202296793460846},"rotation":{"x":0.3907706141471863,"y":-0.1726270616054535,"z":0.07486297190189362,"w":0.9010553956031799},"size":26.06479835510254,"orthographic":true}