{"cameraMode":{"drawMode":0,"name":"Shaded","section":"Shading Mode"},"sceneLighting":false,"audioPlay":false,"sceneViewState":{"showFog":true,"showMaterialUpdate":false,"showSkybox":false,"showFlares":true,"showImageEffects":true,"showParticleSystems":true},"in2DMode":false,"pivot":{"x":-60.099998474121097,"y":-43.20000076293945,"z":-36.20000076293945},"rotation":{"x":0.34552350640296938,"y":0.06582581251859665,"z":0.024273507297039033,"w":-0.9357970356941223},"size":17.924976348876954,"orthographic":true}