{"cameraMode":{"drawMode":0,"name":"Shaded","section":"Shading Mode"},"sceneLighting":true,"audioPlay":false,"sceneViewState":{"showFog":true,"showMaterialUpdate":false,"showSkybox":true,"showFlares":true,"showImageEffects":true,"showParticleSystems":true},"in2DMode":false,"pivot":{"x":-20.571575164794923,"y":26.28297996520996,"z":-25.855754852294923},"rotation":{"x":0.25932812690734866,"y":-0.33876174688339236,"z":0.0977054238319397,"w":0.8991371393203735},"size":195.30740356445313,"orthographic":true}