{"cameraMode":{"drawMode":0,"name":"Shaded","section":"Shading Mode"},"sceneLighting":true,"audioPlay":false,"sceneViewState":{"showFog":true,"showMaterialUpdate":false,"showSkybox":true,"showFlares":true,"showImageEffects":true,"showParticleSystems":true},"in2DMode":false,"pivot":{"x":14.793659210205079,"y":53.765472412109378,"z":27.56422996520996},"rotation":{"x":0.27890270948410036,"y":0.2840045094490051,"z":-0.08673328906297684,"w":0.9132550358772278},"size":168.38607788085938,"orthographic":true}