{"cameraMode":{"drawMode":0,"name":"Shaded","section":"Shading Mode"},"sceneLighting":true,"audioPlay":false,"sceneViewState":{"showFog":true,"showMaterialUpdate":false,"showSkybox":true,"showFlares":true,"showImageEffects":true,"showParticleSystems":true},"in2DMode":false,"pivot":{"x":-46.82899475097656,"y":-39.95451354980469,"z":-26.717025756835939},"rotation":{"x":0.4029482305049896,"y":-0.2165604829788208,"z":0.09874345362186432,"w":0.8837385773658752},"size":167.06613159179688,"orthographic":true}