{"cameraMode":{"drawMode":0,"name":"Shaded","section":"Shading Mode"},"sceneLighting":true,"audioPlay":false,"sceneViewState":{"showFog":true,"showMaterialUpdate":false,"showSkybox":true,"showFlares":true,"showImageEffects":true,"showParticleSystems":true},"in2DMode":false,"pivot":{"x":-39.8190803527832,"y":-104.60275268554688,"z":-10.060571670532227},"rotation":{"x":0.2176525741815567,"y":-0.7815569043159485,"z":0.39297935366630556,"w":0.43286776542663576},"size":218.17665100097657,"orthographic":true}