{"cameraMode":{"drawMode":0,"name":"Shaded","section":"Shading Mode"},"sceneLighting":true,"audioPlay":false,"sceneViewState":{"showFog":true,"showMaterialUpdate":false,"showSkybox":true,"showFlares":true,"showImageEffects":true,"showParticleSystems":true},"in2DMode":false,"pivot":{"x":-0.8647369146347046,"y":-19.90087127685547,"z":21.701059341430665},"rotation":{"x":0.4029482305049896,"y":-0.2165604829788208,"z":0.09874345362186432,"w":0.8837385773658752},"size":154.6126708984375,"orthographic":true}