{"cameraMode":{"drawMode":0,"name":"Shaded","section":"Shading Mode"},"sceneLighting":false,"audioPlay":false,"sceneViewState":{"showFog":true,"showMaterialUpdate":false,"showSkybox":false,"showFlares":true,"showImageEffects":true,"showParticleSystems":true},"in2DMode":false,"pivot":{"x":-31.974044799804689,"y":-24.637344360351564,"z":3.946690797805786},"rotation":{"x":-0.47991570830345156,"y":0.20741508901119233,"z":-0.11790501326322556,"w":-0.8442522287368774},"size":1702.591796875,"orthographic":true}