{"cameraMode":{"drawMode":0,"name":"Shaded","section":"Shading Mode"},"sceneLighting":true,"audioPlay":false,"sceneViewState":{"showFog":true,"showMaterialUpdate":false,"showSkybox":true,"showFlares":true,"showImageEffects":true,"showParticleSystems":true},"in2DMode":false,"pivot":{"x":64.59332275390625,"y":-67.74999237060547,"z":-38.59734344482422},"rotation":{"x":0.390069842338562,"y":0.30527380108833315,"z":-0.13886059820652009,"w":0.857537567615509},"size":860.6358032226563,"orthographic":true}